COOP:190770,BOSTON LOGAN INTERNATIONAL AIRPORT MA US,195001,362
COOP:190770,BOSTON LOGAN INTERNATIONAL AIRPORT MA US,195002,280
COOP:190770,BOSTON LOGAN INTERNATIONAL AIRPORT MA US,195003,337
COOP:190770,BOSTON LOGAN INTERNATIONAL AIRPORT MA US,195004,467
COOP:190770,BOSTON LOGAN INTERNATIONAL AIRPORT MA US,195005,558
COOP:190770,BOSTON LOGAN INTERNATIONAL AIRPORT MA US,195006,691
COOP:190770,BOSTON LOGAN INTERNATIONAL AIRPORT MA US,195007,735
COOP:190770,BOSTON LOGAN INTERNATIONAL AIRPORT MA US,195008,709
COOP:190770,BOSTON LOGAN INTERNATIONAL AIRPORT MA US,195009,615
COOP:190770,BOSTON LOGAN INTERNATIONAL AIRPORT MA US,195010,564
COOP:190770,BOSTON LOGAN INTERNATIONAL AIRPORT MA US,195011,478
COOP:190770,BOSTON LOGAN INTERNATIONAL AIRPORT MA US,195012,355
COOP:190770,BOSTON LOGAN INTERNATIONAL AIRPORT MA US,195101,340
COOP:190770,BOSTON LOGAN INTERNATIONAL AIRPORT MA US,195102,347
COOP:190770,BOSTON LOGAN INTERNATIONAL AIRPORT MA US,195103,391
COOP:190770,BOSTON LOGAN INTERNATIONAL AIRPORT MA US,195104,510
COOP:190770,BOSTON LOGAN INTERNATIONAL AIRPORT MA US,195105,591
COOP:190770,BOSTON LOGAN INTERNATIONAL AIRPORT MA US,195106,660
COOP:190770,BOSTON LOGAN INTERNATIONAL AIRPORT MA US,195107,740
COOP:190770,BOSTON LOGAN INTERNATIONAL AIRPORT MA US,195108,707
COOP:190770,BOSTON LOGAN INTERNATIONAL AIRPORT MA US,195109,656
COOP:190770,BOSTON LOGAN INTERNATIONAL AIRPORT MA US,195110,548
COOP:190770,BOSTON LOGAN INTERNATIONAL AIRPORT MA US,195111,426
COOP:190770,BOSTON LOGAN INTERNATIONAL AIRPORT MA US,195112,350
COOP:190770,BOSTON LOGAN INTERNATIONAL AIRPORT MA US,195201,326
COOP:190770,BOSTON LOGAN INTERNATIONAL AIRPORT MA US,195202,325
COOP:190770,BOSTON LOGAN INTERNATIONAL AIRPORT MA US,195203,372
COOP:190770,BOSTON LOGAN INTERNATIONAL AIRPORT MA US,195204,505
COOP:190770,BOSTON LOGAN INTERNATIONAL AIRPORT MA US,195205,572
COOP:190770,BOSTON LOGAN INTERNATIONAL AIRPORT MA US,195206,707
COOP:190770,BOSTON LOGAN INTERNATIONAL AIRPORT MA US,195207,775
COOP:190770,BOSTON LOGAN INTERNATIONAL AIRPORT MA US,195208,723
COOP:190770,BOSTON LOGAN INTERNATIONAL AIRPORT MA US,195209,663
COOP:190770,BOSTON LOGAN INTERNATIONAL AIRPORT MA US,195210,530
COOP:190770,BOSTON LOGAN INTERNATIONAL AIRPORT MA US,195211,449
COOP:190770,BOSTON LOGAN INTERNATIONAL AIRPORT MA US,195212,357
COOP:190770,BOSTON LOGAN INTERNATIONAL AIRPORT MA US,195306,705
COOP:190770,BOSTON LOGAN INTERNATIONAL AIRPORT MA US,195401,260
COOP:190770,BOSTON LOGAN INTERNATIONAL AIRPORT MA US,195402,364
COOP:190770,BOSTON LOGAN INTERNATIONAL AIRPORT MA US,195403,388
COOP:190770,BOSTON LOGAN INTERNATIONAL AIRPORT MA US,195404,501
COOP:190770,BOSTON LOGAN INTERNATIONAL AIRPORT MA US,195405,563
COOP:190770,BOSTON LOGAN INTERNATIONAL AIRPORT MA US,195406,666
COOP:190770,BOSTON LOGAN INTERNATIONAL AIRPORT MA US,195407,722
COOP:190770,BOSTON LOGAN INTERNATIONAL AIRPORT MA US,195408,701
COOP:190770,BOSTON LOGAN INTERNATIONAL AIRPORT MA US,195409,632
COOP:190770,BOSTON LOGAN INTERNATIONAL AIRPORT MA US,195410,586
COOP:190770,BOSTON LOGAN INTERNATIONAL AIRPORT MA US,195411,444
COOP:190770,BOSTON LOGAN INTERNATIONAL AIRPORT MA US,195412,344
COOP:190770,BOSTON LOGAN INTERNATIONAL AIRPORT MA US,195501,285
COOP:190770,BOSTON LOGAN INTERNATIONAL AIRPORT MA US,195502,320
COOP:190770,BOSTON LOGAN INTERNATIONAL AIRPORT MA US,195503,376
COOP:190770,BOSTON LOGAN INTERNATIONAL AIRPORT MA US,195504,492
COOP:190770,BOSTON LOGAN INTERNATIONAL AIRPORT MA US,195505,628
COOP:190770,BOSTON LOGAN INTERNATIONAL AIRPORT MA US,195506,668
COOP:190770,BOSTON LOGAN INTERNATIONAL AIRPORT MA US,195507,772
COOP:190770,BOSTON LOGAN INTERNATIONAL AIRPORT MA US,195508,745
COOP:190770,BOSTON LOGAN INTERNATIONAL AIRPORT MA US,195509,645
COOP:190770,BOSTON LOGAN INTERNATIONAL AIRPORT MA US,195510,551
COOP:190770,BOSTON LOGAN INTERNATIONAL AIRPORT MA US,195511,419
COOP:190770,BOSTON LOGAN INTERNATIONAL AIRPORT MA US,195512,266
COOP:190770,BOSTON LOGAN INTERNATIONAL AIRPORT MA US,195601,306
COOP:190770,BOSTON LOGAN INTERNATIONAL AIRPORT MA US,195602,325
COOP:190770,BOSTON LOGAN INTERNATIONAL AIRPORT MA US,195603,336
COOP:190770,BOSTON LOGAN INTERNATIONAL AIRPORT MA US,195604,456
COOP:190770,BOSTON LOGAN INTERNATIONAL AIRPORT MA US,195605,554
COOP:190770,BOSTON LOGAN INTERNATIONAL AIRPORT MA US,195606,689
COOP:190770,BOSTON LOGAN INTERNATIONAL AIRPORT MA US,195607,717
COOP:190770,BOSTON LOGAN INTERNATIONAL AIRPORT MA US,195608,719
COOP:190770,BOSTON LOGAN INTERNATIONAL AIRPORT MA US,195609,611
COOP:190770,BOSTON LOGAN INTERNATIONAL AIRPORT MA US,195610,544
COOP:190770,BOSTON LOGAN INTERNATIONAL AIRPORT MA US,195611,461
COOP:190770,BOSTON LOGAN INTERNATIONAL AIRPORT MA US,195612,360
COOP:190770,BOSTON LOGAN INTERNATIONAL AIRPORT MA US,195701,234
COOP:190770,BOSTON LOGAN INTERNATIONAL AIRPORT MA US,195702,347
COOP:190770,BOSTON LOGAN INTERNATIONAL AIRPORT MA US,195703,391
COOP:190770,BOSTON LOGAN INTERNATIONAL AIRPORT MA US,195704,494
COOP:190770,BOSTON LOGAN INTERNATIONAL AIRPORT MA US,195705,599
COOP:190770,BOSTON LOGAN INTERNATIONAL AIRPORT MA US,195706,713
COOP:190770,BOSTON LOGAN INTERNATIONAL AIRPORT MA US,195707,741
COOP:190770,BOSTON LOGAN INTERNATIONAL AIRPORT MA US,195708,693
COOP:190770,BOSTON LOGAN INTERNATIONAL AIRPORT MA US,195709,673
COOP:190770,BOSTON LOGAN INTERNATIONAL AIRPORT MA US,195710,546
COOP:190770,BOSTON LOGAN INTERNATIONAL AIRPORT MA US,195711,472
COOP:190770,BOSTON LOGAN INTERNATIONAL AIRPORT MA US,195712,400
COOP:190770,BOSTON LOGAN INTERNATIONAL AIRPORT MA US,195801,310
COOP:190770,BOSTON LOGAN INTERNATIONAL AIRPORT MA US,195802,255
COOP:190770,BOSTON LOGAN INTERNATIONAL AIRPORT MA US,195803,391
COOP:190770,BOSTON LOGAN INTERNATIONAL AIRPORT MA US,195804,488
COOP:190770,BOSTON LOGAN INTERNATIONAL AIRPORT MA US,195805,566
COOP:190770,BOSTON LOGAN INTERNATIONAL AIRPORT MA US,195806,639
COOP:190770,BOSTON LOGAN INTERNATIONAL AIRPORT MA US,195807,724
COOP:190770,BOSTON LOGAN INTERNATIONAL AIRPORT MA US,195808,724
COOP:190770,BOSTON LOGAN INTERNATIONAL AIRPORT MA US,195809,646
COOP:190770,BOSTON LOGAN INTERNATIONAL AIRPORT MA US,195810,526
COOP:190770,BOSTON LOGAN INTERNATIONAL AIRPORT MA US,195811,466
COOP:190770,BOSTON LOGAN INTERNATIONAL AIRPORT MA US,195812,264
COOP:190770,BOSTON LOGAN INTERNATIONAL AIRPORT MA US,195901,287
COOP:190770,BOSTON LOGAN INTERNATIONAL AIRPORT MA US,195902,267
COOP:190770,BOSTON LOGAN INTERNATIONAL AIRPORT MA US,195903,370
COOP:190770,BOSTON LOGAN INTERNATIONAL AIRPORT MA US,195904,490
COOP:190770,BOSTON LOGAN INTERNATIONAL AIRPORT MA US,195905,626
COOP:190770,BOSTON LOGAN INTERNATIONAL AIRPORT MA US,195906,646
COOP:190770,BOSTON LOGAN INTERNATIONAL AIRPORT MA US,195907,747
COOP:190770,BOSTON LOGAN INTERNATIONAL AIRPORT MA US,195908,741
COOP:190770,BOSTON LOGAN INTERNATIONAL AIRPORT MA US,195909,681
COOP:190770,BOSTON LOGAN INTERNATIONAL AIRPORT MA US,195910,551
COOP:190770,BOSTON LOGAN INTERNATIONAL AIRPORT MA US,195911,444
COOP:190770,BOSTON LOGAN INTERNATIONAL AIRPORT MA US,195912,363
COOP:190770,BOSTON LOGAN INTERNATIONAL AIRPORT MA US,196001,309
COOP:190770,BOSTON LOGAN INTERNATIONAL AIRPORT MA US,196002,353
COOP:190770,BOSTON LOGAN INTERNATIONAL AIRPORT MA US,196003,327
COOP:190770,BOSTON LOGAN INTERNATIONAL AIRPORT MA US,196004,483
COOP:190770,BOSTON LOGAN INTERNATIONAL AIRPORT MA US,196005,597
COOP:190770,BOSTON LOGAN INTERNATIONAL AIRPORT MA US,196006,696
COOP:190770,BOSTON LOGAN INTERNATIONAL AIRPORT MA US,196007,731
COOP:190770,BOSTON LOGAN INTERNATIONAL AIRPORT MA US,196008,721
COOP:190770,BOSTON LOGAN INTERNATIONAL AIRPORT MA US,196009,637
COOP:190770,BOSTON LOGAN INTERNATIONAL AIRPORT MA US,196010,539
COOP:190770,BOSTON LOGAN INTERNATIONAL AIRPORT MA US,196011,480
COOP:190770,BOSTON LOGAN INTERNATIONAL AIRPORT MA US,196012,295
COOP:190770,BOSTON LOGAN INTERNATIONAL AIRPORT MA US,196101,250
COOP:190770,BOSTON LOGAN INTERNATIONAL AIRPORT MA US,196102,316
COOP:190770,BOSTON LOGAN INTERNATIONAL AIRPORT MA US,196103,368
COOP:190770,BOSTON LOGAN INTERNATIONAL AIRPORT MA US,196104,453
COOP:190770,BOSTON LOGAN INTERNATIONAL AIRPORT MA US,196105,563
COOP:190770,BOSTON LOGAN INTERNATIONAL AIRPORT MA US,196106,689
COOP:190770,BOSTON LOGAN INTERNATIONAL AIRPORT MA US,196107,721
COOP:190770,BOSTON LOGAN INTERNATIONAL AIRPORT MA US,196108,725
COOP:190770,BOSTON LOGAN INTERNATIONAL AIRPORT MA US,196109,690
COOP:190770,BOSTON LOGAN INTERNATIONAL AIRPORT MA US,196110,573
COOP:190770,BOSTON LOGAN INTERNATIONAL AIRPORT MA US,196111,446
COOP:190770,BOSTON LOGAN INTERNATIONAL AIRPORT MA US,196112,328
COOP:190770,BOSTON LOGAN INTERNATIONAL AIRPORT MA US,196201,287
COOP:190770,BOSTON LOGAN INTERNATIONAL AIRPORT MA US,196202,267
COOP:190770,BOSTON LOGAN INTERNATIONAL AIRPORT MA US,196203,385
COOP:190770,BOSTON LOGAN INTERNATIONAL AIRPORT MA US,196204,494
COOP:190770,BOSTON LOGAN INTERNATIONAL AIRPORT MA US,196205,572
COOP:190770,BOSTON LOGAN INTERNATIONAL AIRPORT MA US,196206,684
COOP:190770,BOSTON LOGAN INTERNATIONAL AIRPORT MA US,196207,704
COOP:190770,BOSTON LOGAN INTERNATIONAL AIRPORT MA US,196208,700
COOP:190770,BOSTON LOGAN INTERNATIONAL AIRPORT MA US,196209,629
COOP:190770,BOSTON LOGAN INTERNATIONAL AIRPORT MA US,196210,541
COOP:190770,BOSTON LOGAN INTERNATIONAL AIRPORT MA US,196211,417
COOP:190770,BOSTON LOGAN INTERNATIONAL AIRPORT MA US,196212,300
COOP:190770,BOSTON LOGAN INTERNATIONAL AIRPORT MA US,196301,295
COOP:190770,BOSTON LOGAN INTERNATIONAL AIRPORT MA US,196302,259
COOP:190770,BOSTON LOGAN INTERNATIONAL AIRPORT MA US,196303,391
COOP:190770,BOSTON LOGAN INTERNATIONAL AIRPORT MA US,196304,489
COOP:190770,BOSTON LOGAN INTERNATIONAL AIRPORT MA US,196305,594
COOP:190770,BOSTON LOGAN INTERNATIONAL AIRPORT MA US,196306,695
COOP:190770,BOSTON LOGAN INTERNATIONAL AIRPORT MA US,196307,747
COOP:190770,BOSTON LOGAN INTERNATIONAL AIRPORT MA US,196308,704
COOP:190770,BOSTON LOGAN INTERNATIONAL AIRPORT MA US,196309,608
COOP:190770,BOSTON LOGAN INTERNATIONAL AIRPORT MA US,196310,600
COOP:190770,BOSTON LOGAN INTERNATIONAL AIRPORT MA US,196311,483
COOP:190770,BOSTON LOGAN INTERNATIONAL AIRPORT MA US,196312,259
COOP:190770,BOSTON LOGAN INTERNATIONAL AIRPORT MA US,196401,317
COOP:190770,BOSTON LOGAN INTERNATIONAL AIRPORT MA US,196402,291
COOP:190770,BOSTON LOGAN INTERNATIONAL AIRPORT MA US,196403,387
COOP:190770,BOSTON LOGAN INTERNATIONAL AIRPORT MA US,196404,461
COOP:190770,BOSTON LOGAN INTERNATIONAL AIRPORT MA US,196405,603
COOP:190770,BOSTON LOGAN INTERNATIONAL AIRPORT MA US,196406,671
COOP:190770,BOSTON LOGAN INTERNATIONAL AIRPORT MA US,196407,715
COOP:190770,BOSTON LOGAN INTERNATIONAL AIRPORT MA US,196408,664
COOP:190770,BOSTON LOGAN INTERNATIONAL AIRPORT MA US,196409,620
COOP:190770,BOSTON LOGAN INTERNATIONAL AIRPORT MA US,196410,525
COOP:190770,BOSTON LOGAN INTERNATIONAL AIRPORT MA US,196411,441
COOP:190770,BOSTON LOGAN INTERNATIONAL AIRPORT MA US,196412,324
COOP:190770,BOSTON LOGAN INTERNATIONAL AIRPORT MA US,196501,254
COOP:190770,BOSTON LOGAN INTERNATIONAL AIRPORT MA US,196502,280
COOP:190770,BOSTON LOGAN INTERNATIONAL AIRPORT MA US,196503,358
COOP:190770,BOSTON LOGAN INTERNATIONAL AIRPORT MA US,196504,442
COOP:190770,BOSTON LOGAN INTERNATIONAL AIRPORT MA US,196505,595
COOP:190770,BOSTON LOGAN INTERNATIONAL AIRPORT MA US,196506,674
COOP:190770,BOSTON LOGAN INTERNATIONAL AIRPORT MA US,196507,710
COOP:190770,BOSTON LOGAN INTERNATIONAL AIRPORT MA US,196508,705
COOP:190770,BOSTON LOGAN INTERNATIONAL AIRPORT MA US,196509,625
COOP:190770,BOSTON LOGAN INTERNATIONAL AIRPORT MA US,196510,528
COOP:190770,BOSTON LOGAN INTERNATIONAL AIRPORT MA US,196511,421
COOP:190770,BOSTON LOGAN INTERNATIONAL AIRPORT MA US,196512,361
COOP:190770,BOSTON LOGAN INTERNATIONAL AIRPORT MA US,196601,288
COOP:190770,BOSTON LOGAN INTERNATIONAL AIRPORT MA US,196602,313
COOP:190770,BOSTON LOGAN INTERNATIONAL AIRPORT MA US,196603,398
COOP:190770,BOSTON LOGAN INTERNATIONAL AIRPORT MA US,196604,459
COOP:190770,BOSTON LOGAN INTERNATIONAL AIRPORT MA US,196605,573
COOP:190770,BOSTON LOGAN INTERNATIONAL AIRPORT MA US,196606,694
COOP:190770,BOSTON LOGAN INTERNATIONAL AIRPORT MA US,196607,749
COOP:190770,BOSTON LOGAN INTERNATIONAL AIRPORT MA US,196608,713
COOP:190770,BOSTON LOGAN INTERNATIONAL AIRPORT MA US,196609,635
COOP:190770,BOSTON LOGAN INTERNATIONAL AIRPORT MA US,196610,545
COOP:190770,BOSTON LOGAN INTERNATIONAL AIRPORT MA US,196611,469
COOP:190770,BOSTON LOGAN INTERNATIONAL AIRPORT MA US,196612,342
COOP:190770,BOSTON LOGAN INTERNATIONAL AIRPORT MA US,196701,351
COOP:190770,BOSTON LOGAN INTERNATIONAL AIRPORT MA US,196702,264
COOP:190770,BOSTON LOGAN INTERNATIONAL AIRPORT MA US,196703,332
COOP:190770,BOSTON LOGAN INTERNATIONAL AIRPORT MA US,196704,449
COOP:190770,BOSTON LOGAN INTERNATIONAL AIRPORT MA US,196705,517
COOP:190770,BOSTON LOGAN INTERNATIONAL AIRPORT MA US,196706,672
COOP:190770,BOSTON LOGAN INTERNATIONAL AIRPORT MA US,196707,730
COOP:190770,BOSTON LOGAN INTERNATIONAL AIRPORT MA US,196708,709
COOP:190770,BOSTON LOGAN INTERNATIONAL AIRPORT MA US,196709,627
COOP:190770,BOSTON LOGAN INTERNATIONAL AIRPORT MA US,196710,538
COOP:190770,BOSTON LOGAN INTERNATIONAL AIRPORT MA US,196711,401
COOP:190770,BOSTON LOGAN INTERNATIONAL AIRPORT MA US,196712,350
COOP:190770,BOSTON LOGAN INTERNATIONAL AIRPORT MA US,196801,256
COOP:190770,BOSTON LOGAN INTERNATIONAL AIRPORT MA US,196802,261
COOP:190770,BOSTON LOGAN INTERNATIONAL AIRPORT MA US,196803,391
COOP:190770,BOSTON LOGAN INTERNATIONAL AIRPORT MA US,196804,496
COOP:190770,BOSTON LOGAN INTERNATIONAL AIRPORT MA US,196805,561
COOP:190770,BOSTON LOGAN INTERNATIONAL AIRPORT MA US,196806,649
COOP:190770,BOSTON LOGAN INTERNATIONAL AIRPORT MA US,196807,752
COOP:190770,BOSTON LOGAN INTERNATIONAL AIRPORT MA US,196808,707
COOP:190770,BOSTON LOGAN INTERNATIONAL AIRPORT MA US,196809,650
COOP:190770,BOSTON LOGAN INTERNATIONAL AIRPORT MA US,196810,579
COOP:190770,BOSTON LOGAN INTERNATIONAL AIRPORT MA US,196811,438
COOP:190770,BOSTON LOGAN INTERNATIONAL AIRPORT MA US,196812,309
COOP:190770,BOSTON LOGAN INTERNATIONAL AIRPORT MA US,196901,293
COOP:190770,BOSTON LOGAN INTERNATIONAL AIRPORT MA US,196902,295
COOP:190770,BOSTON LOGAN INTERNATIONAL AIRPORT MA US,196903,354
COOP:190770,BOSTON LOGAN INTERNATIONAL AIRPORT MA US,196904,506
COOP:190770,BOSTON LOGAN INTERNATIONAL AIRPORT MA US,196905,585
COOP:190770,BOSTON LOGAN INTERNATIONAL AIRPORT MA US,196906,693
COOP:190770,BOSTON LOGAN INTERNATIONAL AIRPORT MA US,196907,710
COOP:190770,BOSTON LOGAN INTERNATIONAL AIRPORT MA US,196908,743
COOP:190770,BOSTON LOGAN INTERNATIONAL AIRPORT MA US,196909,637
COOP:190770,BOSTON LOGAN INTERNATIONAL AIRPORT MA US,196910,543
COOP:190770,BOSTON LOGAN INTERNATIONAL AIRPORT MA US,196911,449
COOP:190770,BOSTON LOGAN INTERNATIONAL AIRPORT MA US,196912,334
COOP:190770,BOSTON LOGAN INTERNATIONAL AIRPORT MA US,197001,230
COOP:190770,BOSTON LOGAN INTERNATIONAL AIRPORT MA US,197002,323
COOP:190770,BOSTON LOGAN INTERNATIONAL AIRPORT MA US,197003,374
COOP:190770,BOSTON LOGAN INTERNATIONAL AIRPORT MA US,197004,490
COOP:190770,BOSTON LOGAN INTERNATIONAL AIRPORT MA US,197005,596
COOP:190770,BOSTON LOGAN INTERNATIONAL AIRPORT MA US,197006,670
COOP:190770,BOSTON LOGAN INTERNATIONAL AIRPORT MA US,197007,743
COOP:190770,BOSTON LOGAN INTERNATIONAL AIRPORT MA US,197008,736
COOP:190770,BOSTON LOGAN INTERNATIONAL AIRPORT MA US,197009,656
COOP:190770,BOSTON LOGAN INTERNATIONAL AIRPORT MA US,197010,549
COOP:190770,BOSTON LOGAN INTERNATIONAL AIRPORT MA US,197011,448
COOP:190770,BOSTON LOGAN INTERNATIONAL AIRPORT MA US,197012,289
COOP:190770,BOSTON LOGAN INTERNATIONAL AIRPORT MA US,197101,238
COOP:190770,BOSTON LOGAN INTERNATIONAL AIRPORT MA US,197102,305
COOP:190770,BOSTON LOGAN INTERNATIONAL AIRPORT MA US,197103,367
COOP:190770,BOSTON LOGAN INTERNATIONAL AIRPORT MA US,197104,451
COOP:190770,BOSTON LOGAN INTERNATIONAL AIRPORT MA US,197105,557
COOP:190770,BOSTON LOGAN INTERNATIONAL AIRPORT MA US,197106,691
COOP:190770,BOSTON LOGAN INTERNATIONAL AIRPORT MA US,197107,734
COOP:190770,BOSTON LOGAN INTERNATIONAL AIRPORT MA US,197108,734
COOP:190770,BOSTON LOGAN INTERNATIONAL AIRPORT MA US,197109,680
COOP:190770,BOSTON LOGAN INTERNATIONAL AIRPORT MA US,197110,598
COOP:190770,BOSTON LOGAN INTERNATIONAL AIRPORT MA US,197111,431
COOP:190770,BOSTON LOGAN INTERNATIONAL AIRPORT MA US,197112,363
COOP:190770,BOSTON LOGAN INTERNATIONAL AIRPORT MA US,197201,330
COOP:190770,BOSTON LOGAN INTERNATIONAL AIRPORT MA US,197202,296
COOP:190770,BOSTON LOGAN INTERNATIONAL AIRPORT MA US,197203,363
COOP:190770,BOSTON LOGAN INTERNATIONAL AIRPORT MA US,197204,449
COOP:190770,BOSTON LOGAN INTERNATIONAL AIRPORT MA US,197205,576
COOP:190770,BOSTON LOGAN INTERNATIONAL AIRPORT MA US,197206,654
COOP:190770,BOSTON LOGAN INTERNATIONAL AIRPORT MA US,197207,738
COOP:190770,BOSTON LOGAN INTERNATIONAL AIRPORT MA US,197208,715
COOP:190770,BOSTON LOGAN INTERNATIONAL AIRPORT MA US,197209,657
COOP:190770,BOSTON LOGAN INTERNATIONAL AIRPORT MA US,197210,518
COOP:190770,BOSTON LOGAN INTERNATIONAL AIRPORT MA US,197211,423
COOP:190770,BOSTON LOGAN INTERNATIONAL AIRPORT MA US,197212,330
COOP:190770,BOSTON LOGAN INTERNATIONAL AIRPORT MA US,197301,314
COOP:190770,BOSTON LOGAN INTERNATIONAL AIRPORT MA US,197302,301
COOP:190770,BOSTON LOGAN INTERNATIONAL AIRPORT MA US,197303,433
COOP:190770,BOSTON LOGAN INTERNATIONAL AIRPORT MA US,197304,499
COOP:190770,BOSTON LOGAN INTERNATIONAL AIRPORT MA US,197305,570
COOP:190770,BOSTON LOGAN INTERNATIONAL AIRPORT MA US,197306,700
COOP:190770,BOSTON LOGAN INTERNATIONAL AIRPORT MA US,197307,743
COOP:190770,BOSTON LOGAN INTERNATIONAL AIRPORT MA US,197308,748
COOP:190770,BOSTON LOGAN INTERNATIONAL AIRPORT MA US,197309,644
COOP:190770,BOSTON LOGAN INTERNATIONAL AIRPORT MA US,197310,556
COOP:190770,BOSTON LOGAN INTERNATIONAL AIRPORT MA US,197311,458
COOP:190770,BOSTON LOGAN INTERNATIONAL AIRPORT MA US,197312,396
COOP:190770,BOSTON LOGAN INTERNATIONAL AIRPORT MA US,197401,317
COOP:190770,BOSTON LOGAN INTERNATIONAL AIRPORT MA US,197402,291
COOP:190770,BOSTON LOGAN INTERNATIONAL AIRPORT MA US,197403,387
COOP:190770,BOSTON LOGAN INTERNATIONAL AIRPORT MA US,197404,509
COOP:190770,BOSTON LOGAN INTERNATIONAL AIRPORT MA US,197405,547
COOP:190770,BOSTON LOGAN INTERNATIONAL AIRPORT MA US,197406,648
COOP:190770,BOSTON LOGAN INTERNATIONAL AIRPORT MA US,197407,724
COOP:190770,BOSTON LOGAN INTERNATIONAL AIRPORT MA US,197408,720
COOP:190770,BOSTON LOGAN INTERNATIONAL AIRPORT MA US,197409,637
COOP:190770,BOSTON LOGAN INTERNATIONAL AIRPORT MA US,197410,501
COOP:190770,BOSTON LOGAN INTERNATIONAL AIRPORT MA US,197411,453
COOP:190770,BOSTON LOGAN INTERNATIONAL AIRPORT MA US,197412,378
COOP:190770,BOSTON LOGAN INTERNATIONAL AIRPORT MA US,197501,349
COOP:190770,BOSTON LOGAN INTERNATIONAL AIRPORT MA US,197502,321
COOP:190770,BOSTON LOGAN INTERNATIONAL AIRPORT MA US,197503,369
COOP:190770,BOSTON LOGAN INTERNATIONAL AIRPORT MA US,197504,451
COOP:190770,BOSTON LOGAN INTERNATIONAL AIRPORT MA US,197505,615
COOP:190770,BOSTON LOGAN INTERNATIONAL AIRPORT MA US,197506,675
COOP:190770,BOSTON LOGAN INTERNATIONAL AIRPORT MA US,197507,759
COOP:190770,BOSTON LOGAN INTERNATIONAL AIRPORT MA US,197508,729
COOP:190770,BOSTON LOGAN INTERNATIONAL AIRPORT MA US,197509,639
COOP:190770,BOSTON LOGAN INTERNATIONAL AIRPORT MA US,197510,573
COOP:190770,BOSTON LOGAN INTERNATIONAL AIRPORT MA US,197511,518
COOP:190770,BOSTON LOGAN INTERNATIONAL AIRPORT MA US,197512,344
COOP:190770,BOSTON LOGAN INTERNATIONAL AIRPORT MA US,197601,261
COOP:190770,BOSTON LOGAN INTERNATIONAL AIRPORT MA US,197602,373
COOP:190770,BOSTON LOGAN INTERNATIONAL AIRPORT MA US,197603,412
COOP:190770,BOSTON LOGAN INTERNATIONAL AIRPORT MA US,197604,551
COOP:190770,BOSTON LOGAN INTERNATIONAL AIRPORT MA US,197605,602
COOP:190770,BOSTON LOGAN INTERNATIONAL AIRPORT MA US,197606,734
COOP:190770,BOSTON LOGAN INTERNATIONAL AIRPORT MA US,197607,729
COOP:190770,BOSTON LOGAN INTERNATIONAL AIRPORT MA US,197608,720
COOP:190770,BOSTON LOGAN INTERNATIONAL AIRPORT MA US,197609,649
COOP:190770,BOSTON LOGAN INTERNATIONAL AIRPORT MA US,197610,523
COOP:190770,BOSTON LOGAN INTERNATIONAL AIRPORT MA US,197611,419
COOP:190770,BOSTON LOGAN INTERNATIONAL AIRPORT MA US,197612,290
COOP:190770,BOSTON LOGAN INTERNATIONAL AIRPORT MA US,197701,233
COOP:190770,BOSTON LOGAN INTERNATIONAL AIRPORT MA US,197702,307
COOP:190770,BOSTON LOGAN INTERNATIONAL AIRPORT MA US,197703,447
COOP:190770,BOSTON LOGAN INTERNATIONAL AIRPORT MA US,197704,513
COOP:190770,BOSTON LOGAN INTERNATIONAL AIRPORT MA US,197705,626
COOP:190770,BOSTON LOGAN INTERNATIONAL AIRPORT MA US,197706,674
COOP:190770,BOSTON LOGAN INTERNATIONAL AIRPORT MA US,197707,749
COOP:190770,BOSTON LOGAN INTERNATIONAL AIRPORT MA US,197708,734
COOP:190770,BOSTON LOGAN INTERNATIONAL AIRPORT MA US,197709,644
COOP:190770,BOSTON LOGAN INTERNATIONAL AIRPORT MA US,197710,553
COOP:190770,BOSTON LOGAN INTERNATIONAL AIRPORT MA US,197711,481
COOP:190770,BOSTON LOGAN INTERNATIONAL AIRPORT MA US,197712,342
COOP:190770,BOSTON LOGAN INTERNATIONAL AIRPORT MA US,197801,285
COOP:190770,BOSTON LOGAN INTERNATIONAL AIRPORT MA US,197802,271
COOP:190770,BOSTON LOGAN INTERNATIONAL AIRPORT MA US,197803,362
COOP:190770,BOSTON LOGAN INTERNATIONAL AIRPORT MA US,197804,488
COOP:190770,BOSTON LOGAN INTERNATIONAL AIRPORT MA US,197805,593
COOP:190770,BOSTON LOGAN INTERNATIONAL AIRPORT MA US,197806,683
COOP:190770,BOSTON LOGAN INTERNATIONAL AIRPORT MA US,197807,721
COOP:190770,BOSTON LOGAN INTERNATIONAL AIRPORT MA US,197808,716
COOP:190770,BOSTON LOGAN INTERNATIONAL AIRPORT MA US,197809,614
COOP:190770,BOSTON LOGAN INTERNATIONAL AIRPORT MA US,197810,525
COOP:190770,BOSTON LOGAN INTERNATIONAL AIRPORT MA US,197811,436
COOP:190770,BOSTON LOGAN INTERNATIONAL AIRPORT MA US,197812,353
COOP:190770,BOSTON LOGAN INTERNATIONAL AIRPORT MA US,197901,325
COOP:190770,BOSTON LOGAN INTERNATIONAL AIRPORT MA US,197902,231
COOP:190770,BOSTON LOGAN INTERNATIONAL AIRPORT MA US,197903,425
COOP:190770,BOSTON LOGAN INTERNATIONAL AIRPORT MA US,197904,487
COOP:190770,BOSTON LOGAN INTERNATIONAL AIRPORT MA US,197905,611
COOP:190770,BOSTON LOGAN INTERNATIONAL AIRPORT MA US,197906,682
COOP:190770,BOSTON LOGAN INTERNATIONAL AIRPORT MA US,197907,745
COOP:190770,BOSTON LOGAN INTERNATIONAL AIRPORT MA US,197908,717
COOP:190770,BOSTON LOGAN INTERNATIONAL AIRPORT MA US,197909,649
COOP:190770,BOSTON LOGAN INTERNATIONAL AIRPORT MA US,197910,527
COOP:190770,BOSTON LOGAN INTERNATIONAL AIRPORT MA US,197911,486
COOP:190770,BOSTON LOGAN INTERNATIONAL AIRPORT MA US,197912,367
COOP:190770,BOSTON LOGAN INTERNATIONAL AIRPORT MA US,198001,294
COOP:190770,BOSTON LOGAN INTERNATIONAL AIRPORT MA US,198002,279
COOP:190770,BOSTON LOGAN INTERNATIONAL AIRPORT MA US,198003,369
COOP:190770,BOSTON LOGAN INTERNATIONAL AIRPORT MA US,198004,487
COOP:190770,BOSTON LOGAN INTERNATIONAL AIRPORT MA US,198005,594
COOP:190770,BOSTON LOGAN INTERNATIONAL AIRPORT MA US,198006,663
COOP:190770,BOSTON LOGAN INTERNATIONAL AIRPORT MA US,198007,758
COOP:190770,BOSTON LOGAN INTERNATIONAL AIRPORT MA US,198008,742
COOP:190770,BOSTON LOGAN INTERNATIONAL AIRPORT MA US,198009,670
COOP:190770,BOSTON LOGAN INTERNATIONAL AIRPORT MA US,198010,524
COOP:190770,BOSTON LOGAN INTERNATIONAL AIRPORT MA US,198011,412
COOP:190770,BOSTON LOGAN INTERNATIONAL AIRPORT MA US,198012,286
COOP:190770,BOSTON LOGAN INTERNATIONAL AIRPORT MA US,198101,214
COOP:190770,BOSTON LOGAN INTERNATIONAL AIRPORT MA US,198102,364
COOP:190770,BOSTON LOGAN INTERNATIONAL AIRPORT MA US,198103,391
COOP:190770,BOSTON LOGAN INTERNATIONAL AIRPORT MA US,198104,517
COOP:190770,BOSTON LOGAN INTERNATIONAL AIRPORT MA US,198105,604
COOP:190770,BOSTON LOGAN INTERNATIONAL AIRPORT MA US,198106,707
COOP:190770,BOSTON LOGAN INTERNATIONAL AIRPORT MA US,198107,746
COOP:190770,BOSTON LOGAN INTERNATIONAL AIRPORT MA US,198108,721
COOP:190770,BOSTON LOGAN INTERNATIONAL AIRPORT MA US,198109,637
COOP:190770,BOSTON LOGAN INTERNATIONAL AIRPORT MA US,198110,512
COOP:190770,BOSTON LOGAN INTERNATIONAL AIRPORT MA US,198111,439
COOP:190770,BOSTON LOGAN INTERNATIONAL AIRPORT MA US,198112,332
COOP:190770,BOSTON LOGAN INTERNATIONAL AIRPORT MA US,198201,229
COOP:190770,BOSTON LOGAN INTERNATIONAL AIRPORT MA US,198202,308
COOP:190770,BOSTON LOGAN INTERNATIONAL AIRPORT MA US,198203,387
COOP:190770,BOSTON LOGAN INTERNATIONAL AIRPORT MA US,198204,482
COOP:190770,BOSTON LOGAN INTERNATIONAL AIRPORT MA US,198205,578
COOP:190770,BOSTON LOGAN INTERNATIONAL AIRPORT MA US,198206,633
COOP:190770,BOSTON LOGAN INTERNATIONAL AIRPORT MA US,198207,749
COOP:190770,BOSTON LOGAN INTERNATIONAL AIRPORT MA US,198208,703
COOP:190770,BOSTON LOGAN INTERNATIONAL AIRPORT MA US,198209,641
COOP:190770,BOSTON LOGAN INTERNATIONAL AIRPORT MA US,198210,542
COOP:190770,BOSTON LOGAN INTERNATIONAL AIRPORT MA US,198211,476
COOP:190770,BOSTON LOGAN INTERNATIONAL AIRPORT MA US,198212,396
COOP:190770,BOSTON LOGAN INTERNATIONAL AIRPORT MA US,198301,312
COOP:190770,BOSTON LOGAN INTERNATIONAL AIRPORT MA US,198302,328
COOP:190770,BOSTON LOGAN INTERNATIONAL AIRPORT MA US,198303,406
COOP:190770,BOSTON LOGAN INTERNATIONAL AIRPORT MA US,198304,491
COOP:190770,BOSTON LOGAN INTERNATIONAL AIRPORT MA US,198305,582
COOP:190770,BOSTON LOGAN INTERNATIONAL AIRPORT MA US,198306,707
COOP:190770,BOSTON LOGAN INTERNATIONAL AIRPORT MA US,198307,780
COOP:190770,BOSTON LOGAN INTERNATIONAL AIRPORT MA US,198308,736
COOP:190770,BOSTON LOGAN INTERNATIONAL AIRPORT MA US,198309,706
COOP:190770,BOSTON LOGAN INTERNATIONAL AIRPORT MA US,198310,552
COOP:190770,BOSTON LOGAN INTERNATIONAL AIRPORT MA US,198311,461
COOP:190770,BOSTON LOGAN INTERNATIONAL AIRPORT MA US,198312,321
COOP:190770,BOSTON LOGAN INTERNATIONAL AIRPORT MA US,198401,267
COOP:190770,BOSTON LOGAN INTERNATIONAL AIRPORT MA US,198402,376
COOP:190770,BOSTON LOGAN INTERNATIONAL AIRPORT MA US,198403,319
COOP:190770,BOSTON LOGAN INTERNATIONAL AIRPORT MA US,198404,461
COOP:190770,BOSTON LOGAN INTERNATIONAL AIRPORT MA US,198405,580
COOP:190770,BOSTON LOGAN INTERNATIONAL AIRPORT MA US,198406,705
COOP:190770,BOSTON LOGAN INTERNATIONAL AIRPORT MA US,198407,747
COOP:190770,BOSTON LOGAN INTERNATIONAL AIRPORT MA US,198408,746
COOP:190770,BOSTON LOGAN INTERNATIONAL AIRPORT MA US,198409,621
COOP:190770,BOSTON LOGAN INTERNATIONAL AIRPORT MA US,198410,533
COOP:190770,BOSTON LOGAN INTERNATIONAL AIRPORT MA US,198411,446
COOP:190770,BOSTON LOGAN INTERNATIONAL AIRPORT MA US,198412,395
COOP:190770,BOSTON LOGAN INTERNATIONAL AIRPORT MA US,198501,244
COOP:190770,BOSTON LOGAN INTERNATIONAL AIRPORT MA US,198502,328
COOP:190770,BOSTON LOGAN INTERNATIONAL AIRPORT MA US,198503,404
COOP:190770,BOSTON LOGAN INTERNATIONAL AIRPORT MA US,198504,493
COOP:190770,BOSTON LOGAN INTERNATIONAL AIRPORT MA US,198505,593
COOP:190770,BOSTON LOGAN INTERNATIONAL AIRPORT MA US,198506,648
COOP:190770,BOSTON LOGAN INTERNATIONAL AIRPORT MA US,198507,735
COOP:190770,BOSTON LOGAN INTERNATIONAL AIRPORT MA US,198508,704
COOP:190770,BOSTON LOGAN INTERNATIONAL AIRPORT MA US,198509,654
COOP:190770,BOSTON LOGAN INTERNATIONAL AIRPORT MA US,198510,554
COOP:190770,BOSTON LOGAN INTERNATIONAL AIRPORT MA US,198511,454
COOP:190770,BOSTON LOGAN INTERNATIONAL AIRPORT MA US,198512,313
COOP:190770,BOSTON LOGAN INTERNATIONAL AIRPORT MA US,198601,314
COOP:190770,BOSTON LOGAN INTERNATIONAL AIRPORT MA US,198602,289
COOP:190770,BOSTON LOGAN INTERNATIONAL AIRPORT MA US,198603,407
COOP:190770,BOSTON LOGAN INTERNATIONAL AIRPORT MA US,198604,484
COOP:190770,BOSTON LOGAN INTERNATIONAL AIRPORT MA US,198605,584
COOP:190770,BOSTON LOGAN INTERNATIONAL AIRPORT MA US,198606,661
COOP:190770,BOSTON LOGAN INTERNATIONAL AIRPORT MA US,198607,710
COOP:190770,BOSTON LOGAN INTERNATIONAL AIRPORT MA US,198608,705
COOP:190770,BOSTON LOGAN INTERNATIONAL AIRPORT MA US,198609,632
COOP:190770,BOSTON LOGAN INTERNATIONAL AIRPORT MA US,198610,540
COOP:190770,BOSTON LOGAN INTERNATIONAL AIRPORT MA US,198611,423
COOP:190770,BOSTON LOGAN INTERNATIONAL AIRPORT MA US,198612,355
COOP:190770,BOSTON LOGAN INTERNATIONAL AIRPORT MA US,198701,289
COOP:190770,BOSTON LOGAN INTERNATIONAL AIRPORT MA US,198702,291
COOP:190770,BOSTON LOGAN INTERNATIONAL AIRPORT MA US,198703,385
COOP:190770,BOSTON LOGAN INTERNATIONAL AIRPORT MA US,198704,451
COOP:190770,BOSTON LOGAN INTERNATIONAL AIRPORT MA US,198705,572
COOP:190770,BOSTON LOGAN INTERNATIONAL AIRPORT MA US,198706,651
COOP:190770,BOSTON LOGAN INTERNATIONAL AIRPORT MA US,198707,717
COOP:190770,BOSTON LOGAN INTERNATIONAL AIRPORT MA US,198708,703
COOP:190770,BOSTON LOGAN INTERNATIONAL AIRPORT MA US,198709,654
COOP:190770,BOSTON LOGAN INTERNATIONAL AIRPORT MA US,198710,543
COOP:190770,BOSTON LOGAN INTERNATIONAL AIRPORT MA US,198711,439
COOP:190770,BOSTON LOGAN INTERNATIONAL AIRPORT MA US,198712,361
COOP:190770,BOSTON LOGAN INTERNATIONAL AIRPORT MA US,198801,278
COOP:190770,BOSTON LOGAN INTERNATIONAL AIRPORT MA US,198802,322
COOP:190770,BOSTON LOGAN INTERNATIONAL AIRPORT MA US,198803,392
COOP:190770,BOSTON LOGAN INTERNATIONAL AIRPORT MA US,198804,468
COOP:190770,BOSTON LOGAN INTERNATIONAL AIRPORT MA US,198805,576
COOP:190770,BOSTON LOGAN INTERNATIONAL AIRPORT MA US,198806,685
COOP:190770,BOSTON LOGAN INTERNATIONAL AIRPORT MA US,198807,737
COOP:190770,BOSTON LOGAN INTERNATIONAL AIRPORT MA US,198808,755
COOP:190770,BOSTON LOGAN INTERNATIONAL AIRPORT MA US,198809,646
COOP:190770,BOSTON LOGAN INTERNATIONAL AIRPORT MA US,198810,508
COOP:190770,BOSTON LOGAN INTERNATIONAL AIRPORT MA US,198811,467
COOP:190770,BOSTON LOGAN INTERNATIONAL AIRPORT MA US,198812,328
COOP:190770,BOSTON LOGAN INTERNATIONAL AIRPORT MA US,198901,345
COOP:190770,BOSTON LOGAN INTERNATIONAL AIRPORT MA US,198902,305
COOP:190770,BOSTON LOGAN INTERNATIONAL AIRPORT MA US,198903,373
COOP:190770,BOSTON LOGAN INTERNATIONAL AIRPORT MA US,198904,459
COOP:190770,BOSTON LOGAN INTERNATIONAL AIRPORT MA US,198905,594
COOP:190770,BOSTON LOGAN INTERNATIONAL AIRPORT MA US,198906,678
COOP:190770,BOSTON LOGAN INTERNATIONAL AIRPORT MA US,198907,728
COOP:190770,BOSTON LOGAN INTERNATIONAL AIRPORT MA US,198908,716
COOP:190770,BOSTON LOGAN INTERNATIONAL AIRPORT MA US,198909,647
COOP:190770,BOSTON LOGAN INTERNATIONAL AIRPORT MA US,198910,553
COOP:190770,BOSTON LOGAN INTERNATIONAL AIRPORT MA US,198911,428
COOP:190770,BOSTON LOGAN INTERNATIONAL AIRPORT MA US,198912,217
COOP:190770,BOSTON LOGAN INTERNATIONAL AIRPORT MA US,199001,364
COOP:190770,BOSTON LOGAN INTERNATIONAL AIRPORT MA US,199002,341
COOP:190770,BOSTON LOGAN INTERNATIONAL AIRPORT MA US,199003,401
COOP:190770,BOSTON LOGAN INTERNATIONAL AIRPORT MA US,199004,476
COOP:190770,BOSTON LOGAN INTERNATIONAL AIRPORT MA US,199005,549
COOP:190770,BOSTON LOGAN INTERNATIONAL AIRPORT MA US,199006,666
COOP:190770,BOSTON LOGAN INTERNATIONAL AIRPORT MA US,199007,731
COOP:190770,BOSTON LOGAN INTERNATIONAL AIRPORT MA US,199008,733
COOP:190770,BOSTON LOGAN INTERNATIONAL AIRPORT MA US,199009,646
COOP:190770,BOSTON LOGAN INTERNATIONAL AIRPORT MA US,199010,583
COOP:190770,BOSTON LOGAN INTERNATIONAL AIRPORT MA US,199011,485
COOP:190770,BOSTON LOGAN INTERNATIONAL AIRPORT MA US,199012,407
COOP:190770,BOSTON LOGAN INTERNATIONAL AIRPORT MA US,199101,294
COOP:190770,BOSTON LOGAN INTERNATIONAL AIRPORT MA US,199102,361
COOP:190770,BOSTON LOGAN INTERNATIONAL AIRPORT MA US,199103,416
COOP:190770,BOSTON LOGAN INTERNATIONAL AIRPORT MA US,199104,513
COOP:190770,BOSTON LOGAN INTERNATIONAL AIRPORT MA US,199105,633
COOP:190770,BOSTON LOGAN INTERNATIONAL AIRPORT MA US,199106,700
COOP:190770,BOSTON LOGAN INTERNATIONAL AIRPORT MA US,199107,746
COOP:190770,BOSTON LOGAN INTERNATIONAL AIRPORT MA US,199108,738
COOP:190770,BOSTON LOGAN INTERNATIONAL AIRPORT MA US,199109,637
COOP:190770,BOSTON LOGAN INTERNATIONAL AIRPORT MA US,199110,564
COOP:190770,BOSTON LOGAN INTERNATIONAL AIRPORT MA US,199111,452
COOP:190770,BOSTON LOGAN INTERNATIONAL AIRPORT MA US,199112,360
COOP:190770,BOSTON LOGAN INTERNATIONAL AIRPORT MA US,199201,310
COOP:190770,BOSTON LOGAN INTERNATIONAL AIRPORT MA US,199202,324
COOP:190770,BOSTON LOGAN INTERNATIONAL AIRPORT MA US,199203,354
COOP:190770,BOSTON LOGAN INTERNATIONAL AIRPORT MA US,199204,464
COOP:190770,BOSTON LOGAN INTERNATIONAL AIRPORT MA US,199205,556
COOP:190770,BOSTON LOGAN INTERNATIONAL AIRPORT MA US,199206,678
COOP:190770,BOSTON LOGAN INTERNATIONAL AIRPORT MA US,199207,695
COOP:190770,BOSTON LOGAN INTERNATIONAL AIRPORT MA US,199208,704
COOP:190770,BOSTON LOGAN INTERNATIONAL AIRPORT MA US,199209,639
COOP:190770,BOSTON LOGAN INTERNATIONAL AIRPORT MA US,199210,525
COOP:190770,BOSTON LOGAN INTERNATIONAL AIRPORT MA US,199211,429
COOP:190770,BOSTON LOGAN INTERNATIONAL AIRPORT MA US,199212,348
COOP:190770,BOSTON LOGAN INTERNATIONAL AIRPORT MA US,199301,324
COOP:190770,BOSTON LOGAN INTERNATIONAL AIRPORT MA US,199302,271
COOP:190770,BOSTON LOGAN INTERNATIONAL AIRPORT MA US,199303,364
COOP:190770,BOSTON LOGAN INTERNATIONAL AIRPORT MA US,199304,483
COOP:190770,BOSTON LOGAN INTERNATIONAL AIRPORT MA US,199305,603
COOP:190770,BOSTON LOGAN INTERNATIONAL AIRPORT MA US,199306,695
COOP:190770,BOSTON LOGAN INTERNATIONAL AIRPORT MA US,199307,747
COOP:190770,BOSTON LOGAN INTERNATIONAL AIRPORT MA US,199308,736
COOP:190770,BOSTON LOGAN INTERNATIONAL AIRPORT MA US,199309,648
COOP:190770,BOSTON LOGAN INTERNATIONAL AIRPORT MA US,199310,523
COOP:190770,BOSTON LOGAN INTERNATIONAL AIRPORT MA US,199311,456
COOP:190770,BOSTON LOGAN INTERNATIONAL AIRPORT MA US,199312,342
COOP:190770,BOSTON LOGAN INTERNATIONAL AIRPORT MA US,199401,222
COOP:190770,BOSTON LOGAN INTERNATIONAL AIRPORT MA US,199402,269
COOP:190770,BOSTON LOGAN INTERNATIONAL AIRPORT MA US,199403,382
COOP:190770,BOSTON LOGAN INTERNATIONAL AIRPORT MA US,199404,514
COOP:190770,BOSTON LOGAN INTERNATIONAL AIRPORT MA US,199405,584
COOP:190770,BOSTON LOGAN INTERNATIONAL AIRPORT MA US,199406,719
COOP:190770,BOSTON LOGAN INTERNATIONAL AIRPORT MA US,199407,775
COOP:190770,BOSTON LOGAN INTERNATIONAL AIRPORT MA US,199408,724
COOP:190770,BOSTON LOGAN INTERNATIONAL AIRPORT MA US,199409,642
COOP:190770,BOSTON LOGAN INTERNATIONAL AIRPORT MA US,199410,555
COOP:190770,BOSTON LOGAN INTERNATIONAL AIRPORT MA US,199411,490
COOP:190770,BOSTON LOGAN INTERNATIONAL AIRPORT MA US,199412,385
COOP:190770,BOSTON LOGAN INTERNATIONAL AIRPORT MA US,199501,346
COOP:190770,BOSTON LOGAN INTERNATIONAL AIRPORT MA US,199502,285
COOP:190770,BOSTON LOGAN INTERNATIONAL AIRPORT MA US,199503,388
COOP:190770,BOSTON LOGAN INTERNATIONAL AIRPORT MA US,199504,461
COOP:190770,BOSTON LOGAN INTERNATIONAL AIRPORT MA US,199505,572
COOP:190770,BOSTON LOGAN INTERNATIONAL AIRPORT MA US,199506,686
COOP:190770,BOSTON LOGAN INTERNATIONAL AIRPORT MA US,199507,759
COOP:190770,BOSTON LOGAN INTERNATIONAL AIRPORT MA US,199508,728
COOP:190770,BOSTON LOGAN INTERNATIONAL AIRPORT MA US,199509,631
COOP:190770,BOSTON LOGAN INTERNATIONAL AIRPORT MA US,199510,584
COOP:190770,BOSTON LOGAN INTERNATIONAL AIRPORT MA US,199511,419
COOP:190770,BOSTON LOGAN INTERNATIONAL AIRPORT MA US,199512,317
COOP:190770,BOSTON LOGAN INTERNATIONAL AIRPORT MA US,199601,301
COOP:190770,BOSTON LOGAN INTERNATIONAL AIRPORT MA US,199602,309
COOP:190770,BOSTON LOGAN INTERNATIONAL AIRPORT MA US,199603,365
COOP:190770,BOSTON LOGAN INTERNATIONAL AIRPORT MA US,199604,479
COOP:190770,BOSTON LOGAN INTERNATIONAL AIRPORT MA US,199605,574
COOP:190770,BOSTON LOGAN INTERNATIONAL AIRPORT MA US,199606,681
COOP:190770,BOSTON LOGAN INTERNATIONAL AIRPORT MA US,199607,719
COOP:190770,BOSTON LOGAN INTERNATIONAL AIRPORT MA US,199608,709
COOP:190770,BOSTON LOGAN INTERNATIONAL AIRPORT MA US,199609,642
COOP:190770,BOSTON LOGAN INTERNATIONAL AIRPORT MA US,199610,532
COOP:190770,BOSTON LOGAN INTERNATIONAL AIRPORT MA US,199611,403
COOP:190770,BOSTON LOGAN INTERNATIONAL AIRPORT MA US,199612,393
COOP:190770,BOSTON LOGAN INTERNATIONAL AIRPORT MA US,199701,292
COOP:190770,BOSTON LOGAN INTERNATIONAL AIRPORT MA US,199702,360
COOP:190770,BOSTON LOGAN INTERNATIONAL AIRPORT MA US,199703,367
COOP:190770,BOSTON LOGAN INTERNATIONAL AIRPORT MA US,199704,463
COOP:190770,BOSTON LOGAN INTERNATIONAL AIRPORT MA US,199705,561
COOP:190770,BOSTON LOGAN INTERNATIONAL AIRPORT MA US,199706,682
COOP:190770,BOSTON LOGAN INTERNATIONAL AIRPORT MA US,199707,737
COOP:190770,BOSTON LOGAN INTERNATIONAL AIRPORT MA US,199708,712
COOP:190770,BOSTON LOGAN INTERNATIONAL AIRPORT MA US,199709,642
COOP:190770,BOSTON LOGAN INTERNATIONAL AIRPORT MA US,199710,528
COOP:190770,BOSTON LOGAN INTERNATIONAL AIRPORT MA US,199711,417
COOP:190770,BOSTON LOGAN INTERNATIONAL AIRPORT MA US,199712,352
COOP:190770,BOSTON LOGAN INTERNATIONAL AIRPORT MA US,199801,339
COOP:190770,BOSTON LOGAN INTERNATIONAL AIRPORT MA US,199802,353
COOP:190770,BOSTON LOGAN INTERNATIONAL AIRPORT MA US,199803,415
COOP:190770,BOSTON LOGAN INTERNATIONAL AIRPORT MA US,199804,494
COOP:190770,BOSTON LOGAN INTERNATIONAL AIRPORT MA US,199805,603
COOP:190770,BOSTON LOGAN INTERNATIONAL AIRPORT MA US,199806,647
COOP:190770,BOSTON LOGAN INTERNATIONAL AIRPORT MA US,199807,744
COOP:190770,BOSTON LOGAN INTERNATIONAL AIRPORT MA US,199808,725
COOP:190770,BOSTON LOGAN INTERNATIONAL AIRPORT MA US,199809,663
COOP:190770,BOSTON LOGAN INTERNATIONAL AIRPORT MA US,199810,545
COOP:190770,BOSTON LOGAN INTERNATIONAL AIRPORT MA US,199811,446
COOP:190770,BOSTON LOGAN INTERNATIONAL AIRPORT MA US,199812,391
COOP:190770,BOSTON LOGAN INTERNATIONAL AIRPORT MA US,199901,295
COOP:190770,BOSTON LOGAN INTERNATIONAL AIRPORT MA US,199902,336
COOP:190770,BOSTON LOGAN INTERNATIONAL AIRPORT MA US,199903,394
COOP:190770,BOSTON LOGAN INTERNATIONAL AIRPORT MA US,199904,492
COOP:190770,BOSTON LOGAN INTERNATIONAL AIRPORT MA US,199905,582
COOP:190770,BOSTON LOGAN INTERNATIONAL AIRPORT MA US,199906,710
COOP:190770,BOSTON LOGAN INTERNATIONAL AIRPORT MA US,199907,757
COOP:190770,BOSTON LOGAN INTERNATIONAL AIRPORT MA US,199908,713
COOP:190770,BOSTON LOGAN INTERNATIONAL AIRPORT MA US,199909,671
COOP:190770,BOSTON LOGAN INTERNATIONAL AIRPORT MA US,199910,530
COOP:190770,BOSTON LOGAN INTERNATIONAL AIRPORT MA US,199911,480
COOP:190770,BOSTON LOGAN INTERNATIONAL AIRPORT MA US,199912,373
COOP:190770,BOSTON LOGAN INTERNATIONAL AIRPORT MA US,200001,275
COOP:190770,BOSTON LOGAN INTERNATIONAL AIRPORT MA US,200002,342
COOP:190770,BOSTON LOGAN INTERNATIONAL AIRPORT MA US,200003,433
COOP:190770,BOSTON LOGAN INTERNATIONAL AIRPORT MA US,200004,473
COOP:190770,BOSTON LOGAN INTERNATIONAL AIRPORT MA US,200005,572
COOP:190770,BOSTON LOGAN INTERNATIONAL AIRPORT MA US,200006,673
COOP:190770,BOSTON LOGAN INTERNATIONAL AIRPORT MA US,200007,700
COOP:190770,BOSTON LOGAN INTERNATIONAL AIRPORT MA US,200008,703
COOP:190770,BOSTON LOGAN INTERNATIONAL AIRPORT MA US,200009,635
COOP:190770,BOSTON LOGAN INTERNATIONAL AIRPORT MA US,200010,539
COOP:190770,BOSTON LOGAN INTERNATIONAL AIRPORT MA US,200011,438
COOP:190770,BOSTON LOGAN INTERNATIONAL AIRPORT MA US,200012,292
COOP:190770,BOSTON LOGAN INTERNATIONAL AIRPORT MA US,200101,300
COOP:190770,BOSTON LOGAN INTERNATIONAL AIRPORT MA US,200102,318
COOP:190770,BOSTON LOGAN INTERNATIONAL AIRPORT MA US,200103,353
COOP:190770,BOSTON LOGAN INTERNATIONAL AIRPORT MA US,200104,487
COOP:190770,BOSTON LOGAN INTERNATIONAL AIRPORT MA US,200105,596
COOP:190770,BOSTON LOGAN INTERNATIONAL AIRPORT MA US,200106,711
COOP:190770,BOSTON LOGAN INTERNATIONAL AIRPORT MA US,200107,699
COOP:190770,BOSTON LOGAN INTERNATIONAL AIRPORT MA US,200108,739
COOP:190770,BOSTON LOGAN INTERNATIONAL AIRPORT MA US,200109,653
COOP:190770,BOSTON LOGAN INTERNATIONAL AIRPORT MA US,200110,562
COOP:190770,BOSTON LOGAN INTERNATIONAL AIRPORT MA US,200111,483
COOP:190770,BOSTON LOGAN INTERNATIONAL AIRPORT MA US,200112,405
COOP:190770,BOSTON LOGAN INTERNATIONAL AIRPORT MA US,200201,367
COOP:190770,BOSTON LOGAN INTERNATIONAL AIRPORT MA US,200202,363
COOP:190770,BOSTON LOGAN INTERNATIONAL AIRPORT MA US,200203,402
COOP:190770,BOSTON LOGAN INTERNATIONAL AIRPORT MA US,200204,497
COOP:190770,BOSTON LOGAN INTERNATIONAL AIRPORT MA US,200205,577
COOP:190770,BOSTON LOGAN INTERNATIONAL AIRPORT MA US,200206,665
COOP:190770,BOSTON LOGAN INTERNATIONAL AIRPORT MA US,200207,752
COOP:190770,BOSTON LOGAN INTERNATIONAL AIRPORT MA US,200208,753
COOP:190770,BOSTON LOGAN INTERNATIONAL AIRPORT MA US,200209,684
COOP:190770,BOSTON LOGAN INTERNATIONAL AIRPORT MA US,200210,524
COOP:190770,BOSTON LOGAN INTERNATIONAL AIRPORT MA US,200211,429
COOP:190770,BOSTON LOGAN INTERNATIONAL AIRPORT MA US,200212,332
COOP:190770,BOSTON LOGAN INTERNATIONAL AIRPORT MA US,200301,241
COOP:190770,BOSTON LOGAN INTERNATIONAL AIRPORT MA US,200302,264
COOP:190770,BOSTON LOGAN INTERNATIONAL AIRPORT MA US,200303,377
COOP:190770,BOSTON LOGAN INTERNATIONAL AIRPORT MA US,200304,445
COOP:190770,BOSTON LOGAN INTERNATIONAL AIRPORT MA US,200305,551
COOP:190770,BOSTON LOGAN INTERNATIONAL AIRPORT MA US,200306,654
COOP:190770,BOSTON LOGAN INTERNATIONAL AIRPORT MA US,200307,743
COOP:190770,BOSTON LOGAN INTERNATIONAL AIRPORT MA US,200308,743
COOP:190770,BOSTON LOGAN INTERNATIONAL AIRPORT MA US,200309,657
COOP:190770,BOSTON LOGAN INTERNATIONAL AIRPORT MA US,200310,530
COOP:190770,BOSTON LOGAN INTERNATIONAL AIRPORT MA US,200311,459
COOP:190770,BOSTON LOGAN INTERNATIONAL AIRPORT MA US,200312,361
COOP:190770,BOSTON LOGAN INTERNATIONAL AIRPORT MA US,200401,207
COOP:190770,BOSTON LOGAN INTERNATIONAL AIRPORT MA US,200402,330
COOP:190770,BOSTON LOGAN INTERNATIONAL AIRPORT MA US,200403,394
COOP:190770,BOSTON LOGAN INTERNATIONAL AIRPORT MA US,200404,495
COOP:190770,BOSTON LOGAN INTERNATIONAL AIRPORT MA US,200405,589
COOP:190770,BOSTON LOGAN INTERNATIONAL AIRPORT MA US,200406,665
COOP:190770,BOSTON LOGAN INTERNATIONAL AIRPORT MA US,200407,710
COOP:190770,BOSTON LOGAN INTERNATIONAL AIRPORT MA US,200408,721
COOP:190770,BOSTON LOGAN INTERNATIONAL AIRPORT MA US,200409,652
COOP:190770,BOSTON LOGAN INTERNATIONAL AIRPORT MA US,200410,538
COOP:190770,BOSTON LOGAN INTERNATIONAL AIRPORT MA US,200411,444
COOP:190770,BOSTON LOGAN INTERNATIONAL AIRPORT MA US,200412,350
COOP:190770,BOSTON LOGAN INTERNATIONAL AIRPORT MA US,200501,268
COOP:190770,BOSTON LOGAN INTERNATIONAL AIRPORT MA US,200502,312
COOP:190770,BOSTON LOGAN INTERNATIONAL AIRPORT MA US,200503,352
COOP:190770,BOSTON LOGAN INTERNATIONAL AIRPORT MA US,200504,497
COOP:190770,BOSTON LOGAN INTERNATIONAL AIRPORT MA US,200505,522
COOP:190770,BOSTON LOGAN INTERNATIONAL AIRPORT MA US,200506,684
COOP:190770,BOSTON LOGAN INTERNATIONAL AIRPORT MA US,200507,733
COOP:190770,BOSTON LOGAN INTERNATIONAL AIRPORT MA US,200508,744
COOP:190770,BOSTON LOGAN INTERNATIONAL AIRPORT MA US,200509,679
COOP:190770,BOSTON LOGAN INTERNATIONAL AIRPORT MA US,200510,547
COOP:190770,BOSTON LOGAN INTERNATIONAL AIRPORT MA US,200511,459
COOP:190770,BOSTON LOGAN INTERNATIONAL AIRPORT MA US,200512,325
COOP:190770,BOSTON LOGAN INTERNATIONAL AIRPORT MA US,200601,365
COOP:190770,BOSTON LOGAN INTERNATIONAL AIRPORT MA US,200602,310
COOP:190770,BOSTON LOGAN INTERNATIONAL AIRPORT MA US,200603,387
COOP:190770,BOSTON LOGAN INTERNATIONAL AIRPORT MA US,200604,498
COOP:190770,BOSTON LOGAN INTERNATIONAL AIRPORT MA US,200605,571
COOP:190770,BOSTON LOGAN INTERNATIONAL AIRPORT MA US,200606,681
COOP:190770,BOSTON LOGAN INTERNATIONAL AIRPORT MA US,200607,760
COOP:190770,BOSTON LOGAN INTERNATIONAL AIRPORT MA US,200608,714
COOP:190770,BOSTON LOGAN INTERNATIONAL AIRPORT MA US,200609,646
COOP:190770,BOSTON LOGAN INTERNATIONAL AIRPORT MA US,200610,543
COOP:190770,BOSTON LOGAN INTERNATIONAL AIRPORT MA US,200611,491
COOP:190770,BOSTON LOGAN INTERNATIONAL AIRPORT MA US,200612,411
COOP:190770,BOSTON LOGAN INTERNATIONAL AIRPORT MA US,200701,328
COOP:190770,BOSTON LOGAN INTERNATIONAL AIRPORT MA US,200702,264
COOP:190770,BOSTON LOGAN INTERNATIONAL AIRPORT MA US,200703,375
COOP:190770,BOSTON LOGAN INTERNATIONAL AIRPORT MA US,200704,452
COOP:190770,BOSTON LOGAN INTERNATIONAL AIRPORT MA US,200705,614
COOP:190770,BOSTON LOGAN INTERNATIONAL AIRPORT MA US,200706,685
COOP:190770,BOSTON LOGAN INTERNATIONAL AIRPORT MA US,200707,729
COOP:190770,BOSTON LOGAN INTERNATIONAL AIRPORT MA US,200708,727
COOP:190770,BOSTON LOGAN INTERNATIONAL AIRPORT MA US,200709,677
COOP:190770,BOSTON LOGAN INTERNATIONAL AIRPORT MA US,200710,592
COOP:190770,BOSTON LOGAN INTERNATIONAL AIRPORT MA US,200711,431
COOP:190770,BOSTON LOGAN INTERNATIONAL AIRPORT MA US,200712,324
COOP:190770,BOSTON LOGAN INTERNATIONAL AIRPORT MA US,200801,334
COOP:190770,BOSTON LOGAN INTERNATIONAL AIRPORT MA US,200802,325
COOP:190770,BOSTON LOGAN INTERNATIONAL AIRPORT MA US,200803,383
COOP:190770,BOSTON LOGAN INTERNATIONAL AIRPORT MA US,200804,494
COOP:190770,BOSTON LOGAN INTERNATIONAL AIRPORT MA US,200805,577
COOP:190770,BOSTON LOGAN INTERNATIONAL AIRPORT MA US,200806,703
COOP:190770,BOSTON LOGAN INTERNATIONAL AIRPORT MA US,200807,750
COOP:190770,BOSTON LOGAN INTERNATIONAL AIRPORT MA US,200808,701
COOP:190770,BOSTON LOGAN INTERNATIONAL AIRPORT MA US,200809,653
COOP:190770,BOSTON LOGAN INTERNATIONAL AIRPORT MA US,200810,534
COOP:190770,BOSTON LOGAN INTERNATIONAL AIRPORT MA US,200811,434
COOP:190770,BOSTON LOGAN INTERNATIONAL AIRPORT MA US,200812,357
COOP:190770,BOSTON LOGAN INTERNATIONAL AIRPORT MA US,200901,249
COOP:190770,BOSTON LOGAN INTERNATIONAL AIRPORT MA US,200902,329
COOP:190770,BOSTON LOGAN INTERNATIONAL AIRPORT MA US,200903,375
COOP:190770,BOSTON LOGAN INTERNATIONAL AIRPORT MA US,200904,505
COOP:190770,BOSTON LOGAN INTERNATIONAL AIRPORT MA US,200905,595
COOP:190770,BOSTON LOGAN INTERNATIONAL AIRPORT MA US,200906,634
COOP:190770,BOSTON LOGAN INTERNATIONAL AIRPORT MA US,200907,705
COOP:190770,BOSTON LOGAN INTERNATIONAL AIRPORT MA US,200908,736
COOP:190770,BOSTON LOGAN INTERNATIONAL AIRPORT MA US,200909,632
COOP:190770,BOSTON LOGAN INTERNATIONAL AIRPORT MA US,200910,519
COOP:190770,BOSTON LOGAN INTERNATIONAL AIRPORT MA US,200911,489
COOP:190770,BOSTON LOGAN INTERNATIONAL AIRPORT MA US,200912,332
COOP:190770,BOSTON LOGAN INTERNATIONAL AIRPORT MA US,201001,296
COOP:190770,BOSTON LOGAN INTERNATIONAL AIRPORT MA US,201002,332
COOP:190770,BOSTON LOGAN INTERNATIONAL AIRPORT MA US,201003,439
COOP:190770,BOSTON LOGAN INTERNATIONAL AIRPORT MA US,201004,530
COOP:190770,BOSTON LOGAN INTERNATIONAL AIRPORT MA US,201005,628
COOP:190770,BOSTON LOGAN INTERNATIONAL AIRPORT MA US,201006,703
COOP:190770,BOSTON LOGAN INTERNATIONAL AIRPORT MA US,201007,772
COOP:190770,BOSTON LOGAN INTERNATIONAL AIRPORT MA US,201008,735
COOP:190770,BOSTON LOGAN INTERNATIONAL AIRPORT MA US,201009,687
COOP:190770,BOSTON LOGAN INTERNATIONAL AIRPORT MA US,201010,556
COOP:190770,BOSTON LOGAN INTERNATIONAL AIRPORT MA US,201011,448
COOP:190770,BOSTON LOGAN INTERNATIONAL AIRPORT MA US,201012,327
COOP:190770,BOSTON LOGAN INTERNATIONAL AIRPORT MA US,201101,276
COOP:190770,BOSTON LOGAN INTERNATIONAL AIRPORT MA US,201102,306
COOP:190770,BOSTON LOGAN INTERNATIONAL AIRPORT MA US,201103,390
COOP:190770,BOSTON LOGAN INTERNATIONAL AIRPORT MA US,201104,501
COOP:190770,BOSTON LOGAN INTERNATIONAL AIRPORT MA US,201105,593
COOP:190770,BOSTON LOGAN INTERNATIONAL AIRPORT MA US,201106,671
COOP:190770,BOSTON LOGAN INTERNATIONAL AIRPORT MA US,201107,773
COOP:190770,BOSTON LOGAN INTERNATIONAL AIRPORT MA US,201108,739
COOP:190770,BOSTON LOGAN INTERNATIONAL AIRPORT MA US,201109,673
COOP:190770,BOSTON LOGAN INTERNATIONAL AIRPORT MA US,201110,576
COOP:190770,BOSTON LOGAN INTERNATIONAL AIRPORT MA US,201111,504
COOP:190770,BOSTON LOGAN INTERNATIONAL AIRPORT MA US,201112,400
COOP:190770,BOSTON LOGAN INTERNATIONAL AIRPORT MA US,201201,342
COOP:190770,BOSTON LOGAN INTERNATIONAL AIRPORT MA US,201202,374
COOP:190770,BOSTON LOGAN INTERNATIONAL AIRPORT MA US,201203,467
COOP:190770,BOSTON LOGAN INTERNATIONAL AIRPORT MA US,201204,531
COOP:190770,BOSTON LOGAN INTERNATIONAL AIRPORT MA US,201205,603
COOP:190770,BOSTON LOGAN INTERNATIONAL AIRPORT MA US,201206,668
COOP:190770,BOSTON LOGAN INTERNATIONAL AIRPORT MA US,201207,754
COOP:190770,BOSTON LOGAN INTERNATIONAL AIRPORT MA US,201208,747
COOP:190770,BOSTON LOGAN INTERNATIONAL AIRPORT MA US,201209,647
COOP:190770,BOSTON LOGAN INTERNATIONAL AIRPORT MA US,201210,565
COOP:190770,BOSTON LOGAN INTERNATIONAL AIRPORT MA US,201211,421
COOP:190770,BOSTON LOGAN INTERNATIONAL AIRPORT MA US,201301,315
COOP:190770,BOSTON LOGAN INTERNATIONAL AIRPORT MA US,201302,311
COOP:190770,BOSTON LOGAN INTERNATIONAL AIRPORT MA US,201303,377
COOP:190770,BOSTON LOGAN INTERNATIONAL AIRPORT MA US,201304,489
COOP:190770,BOSTON LOGAN INTERNATIONAL AIRPORT MA US,201305,588
COOP:190770,BOSTON LOGAN INTERNATIONAL AIRPORT MA US,201306,696
COOP:190770,BOSTON LOGAN INTERNATIONAL AIRPORT MA US,201307,771
COOP:190770,BOSTON LOGAN INTERNATIONAL AIRPORT MA US,201308,721
COOP:190770,BOSTON LOGAN INTERNATIONAL AIRPORT MA US,201309,647
COOP:190770,BOSTON LOGAN INTERNATIONAL AIRPORT MA US,201310,566
COOP:190770,BOSTON LOGAN INTERNATIONAL AIRPORT MA US,201311,427
COOP:190770,BOSTON LOGAN INTERNATIONAL AIRPORT MA US,201312,333
